"polygon_num","field","poly_veg_cat","cover_type","perc_cover","poly_type"
25,"23E_C4","BOBU","BARE",13.7,"polygon"
25,"23E_C4","BOBU","LITT",24,"polygon"
25,"23E_C4","BOBU","BOBU",57,"polygon"
25,"23E_C4","BOBU","OPPO",0,"polygon"
25,"23E_C4","BOBU","PASM",0,"polygon"
25,"23E_C4","BOBU","HECO",0,"polygon"
25,"23E_C4","BOBU","SALTGRASS",0,"polygon"
25,"23E_C4","BOBU","C3_Other",0.7,"polygon"
25,"23E_C4","BOBU","C4_Other",0,"polygon"
25,"23E_C4","BOBU","DUNG",0.7,"polygon"
25,"23E_C4","BOBU","FORB",0.8,"polygon"
25,"23E_C4","BOBU","SD",3.3,"polygon"
25,"23E_C4","BOBU","SUBSHRUB",0,"polygon"
26,"23E_C4","BOBU","BARE",28.3,"polygon"
26,"23E_C4","BOBU","LITT",20.7,"polygon"
26,"23E_C4","BOBU","BOBU",38.3,"polygon"
26,"23E_C4","BOBU","OPPO",0,"polygon"
26,"23E_C4","BOBU","PASM",0.2,"polygon"
26,"23E_C4","BOBU","HECO",0,"polygon"
26,"23E_C4","BOBU","SALTGRASS",0,"polygon"
26,"23E_C4","BOBU","C3_Other",1.3,"polygon"
26,"23E_C4","BOBU","C4_Other",0,"polygon"
26,"23E_C4","BOBU","DUNG",3.7,"polygon"
26,"23E_C4","BOBU","FORB",1.1,"polygon"
26,"23E_C4","BOBU","SD",6.7,"polygon"
26,"23E_C4","BOBU","SUBSHRUB",0,"polygon"
55,"31W_C4","BOBU","BARE",40.3,"polygon"
55,"31W_C4","BOBU","LITT",17.7,"polygon"
55,"31W_C4","BOBU","BOBU",26,"polygon"
55,"31W_C4","BOBU","OPPO",0.2,"polygon"
55,"31W_C4","BOBU","PASM",0,"polygon"
55,"31W_C4","BOBU","HECO",0,"polygon"
55,"31W_C4","BOBU","SALTGRASS",0,"polygon"
55,"31W_C4","BOBU","C3_Other",0.5,"polygon"
55,"31W_C4","BOBU","C4_Other",0,"polygon"
55,"31W_C4","BOBU","DUNG",0,"polygon"
55,"31W_C4","BOBU","FORB",1.4,"polygon"
55,"31W_C4","BOBU","SD",14,"polygon"
55,"31W_C4","BOBU","SUBSHRUB",0,"polygon"
56,"31W_C4","BOBU","BARE",76,"polygon"
56,"31W_C4","BOBU","LITT",23,"polygon"
56,"31W_C4","BOBU","BOBU",30,"polygon"
56,"31W_C4","BOBU","OPPO",0,"polygon"
56,"31W_C4","BOBU","PASM",0,"polygon"
56,"31W_C4","BOBU","HECO",38,"polygon"
56,"31W_C4","BOBU","SALTGRASS",0,"polygon"
56,"31W_C4","BOBU","C3_Other",1.5,"polygon"
56,"31W_C4","BOBU","C4_Other",1.5,"polygon"
56,"31W_C4","BOBU","DUNG",1,"polygon"
56,"31W_C4","BOBU","FORB",6.5,"polygon"
56,"31W_C4","BOBU","SD",22,"polygon"
56,"31W_C4","BOBU","SUBSHRUB",0,"polygon"
57,"31W_C4","BOBU","BARE",15,"polygon"
57,"31W_C4","BOBU","LITT",15,"polygon"
57,"31W_C4","BOBU","BOBU",20,"polygon"
57,"31W_C4","BOBU","OPPO",0,"polygon"
57,"31W_C4","BOBU","PASM",0,"polygon"
57,"31W_C4","BOBU","HECO",30,"polygon"
57,"31W_C4","BOBU","SALTGRASS",0,"polygon"
57,"31W_C4","BOBU","C3_Other",15,"polygon"
57,"31W_C4","BOBU","C4_Other",0,"polygon"
57,"31W_C4","BOBU","DUNG",0,"polygon"
57,"31W_C4","BOBU","FORB",5,"polygon"
57,"31W_C4","BOBU","SD",10,"polygon"
57,"31W_C4","BOBU","SUBSHRUB",0,"polygon"
53,"32W_BO","BOBU","BARE",10.7,"polygon"
53,"32W_BO","BOBU","LITT",18.3,"polygon"
53,"32W_BO","BOBU","BOBU",59.3,"polygon"
53,"32W_BO","BOBU","OPPO",0,"polygon"
53,"32W_BO","BOBU","PASM",0,"polygon"
53,"32W_BO","BOBU","HECO",0,"polygon"
53,"32W_BO","BOBU","SALTGRASS",0,"polygon"
53,"32W_BO","BOBU","C3_Other",0.8,"polygon"
53,"32W_BO","BOBU","C4_Other",0,"polygon"
53,"32W_BO","BOBU","DUNG",0,"polygon"
53,"32W_BO","BOBU","FORB",5.8,"polygon"
53,"32W_BO","BOBU","SD",5.7,"polygon"
53,"32W_BO","BOBU","SUBSHRUB",0,"polygon"
8,"17N_BOGR","BOGR","BARE",31,"polygon"
8,"17N_BOGR","BOGR","LITT",35.3,"polygon"
8,"17N_BOGR","BOGR","BOBU",27.7,"polygon"
8,"17N_BOGR","BOGR","OPPO",0,"polygon"
8,"17N_BOGR","BOGR","PASM",0.2,"polygon"
8,"17N_BOGR","BOGR","HECO",0,"polygon"
8,"17N_BOGR","BOGR","SALTGRASS",0,"polygon"
8,"17N_BOGR","BOGR","C3_Other",3,"polygon"
8,"17N_BOGR","BOGR","C4_Other",0,"polygon"
8,"17N_BOGR","BOGR","DUNG",0.3,"polygon"
8,"17N_BOGR","BOGR","FORB",1.2,"polygon"
8,"17N_BOGR","BOGR","SD",1,"polygon"
8,"17N_BOGR","BOGR","SUBSHRUB",0,"polygon"
91,"1W_BOGR","BOGR","BARE",43.3,"polygon"
91,"1W_BOGR","BOGR","LITT",28.3,"polygon"
91,"1W_BOGR","BOGR","BOBU",21.7,"polygon"
91,"1W_BOGR","BOGR","OPPO",0,"polygon"
91,"1W_BOGR","BOGR","PASM",0,"polygon"
91,"1W_BOGR","BOGR","HECO",0,"polygon"
91,"1W_BOGR","BOGR","SALTGRASS",0,"polygon"
91,"1W_BOGR","BOGR","C3_Other",5,"polygon"
91,"1W_BOGR","BOGR","C4_Other",0,"polygon"
91,"1W_BOGR","BOGR","DUNG",0.1,"polygon"
91,"1W_BOGR","BOGR","FORB",1.5,"polygon"
91,"1W_BOGR","BOGR","SD",0,"polygon"
91,"1W_BOGR","BOGR","SUBSHRUB",0,"polygon"
77,"HH_BOGR","BOGR","BARE",25,"polygon"
77,"HH_BOGR","BOGR","LITT",18.3,"polygon"
77,"HH_BOGR","BOGR","BOBU",53.3,"polygon"
77,"HH_BOGR","BOGR","OPPO",0,"polygon"
77,"HH_BOGR","BOGR","PASM",0,"polygon"
77,"HH_BOGR","BOGR","HECO",0,"polygon"
77,"HH_BOGR","BOGR","SALTGRASS",0,"polygon"
77,"HH_BOGR","BOGR","C3_Other",0.6,"polygon"
77,"HH_BOGR","BOGR","C4_Other",0,"polygon"
77,"HH_BOGR","BOGR","DUNG",0.1,"polygon"
77,"HH_BOGR","BOGR","FORB",1,"polygon"
77,"HH_BOGR","BOGR","SD",3.3,"polygon"
77,"HH_BOGR","BOGR","SUBSHRUB",0,"polygon"
41,"OC_BOGR","BOGR","BARE",28.7,"polygon"
41,"OC_BOGR","BOGR","LITT",28.3,"polygon"
41,"OC_BOGR","BOGR","BOBU",25.7,"polygon"
41,"OC_BOGR","BOGR","OPPO",0,"polygon"
41,"OC_BOGR","BOGR","PASM",0,"polygon"
41,"OC_BOGR","BOGR","HECO",0,"polygon"
41,"OC_BOGR","BOGR","SALTGRASS",0,"polygon"
41,"OC_BOGR","BOGR","C3_Other",0.8,"polygon"
41,"OC_BOGR","BOGR","C4_Other",0,"polygon"
41,"OC_BOGR","BOGR","DUNG",0.7,"polygon"
41,"OC_BOGR","BOGR","FORB",3.7,"polygon"
41,"OC_BOGR","BOGR","SD",10,"polygon"
41,"OC_BOGR","BOGR","SUBSHRUB",0,"polygon"
42,"OC_BOGR","BOGR","BARE",10.3,"polygon"
42,"OC_BOGR","BOGR","LITT",20.3,"polygon"
42,"OC_BOGR","BOGR","BOBU",32.7,"polygon"
42,"OC_BOGR","BOGR","OPPO",22.3,"polygon"
42,"OC_BOGR","BOGR","PASM",0,"polygon"
42,"OC_BOGR","BOGR","HECO",0,"polygon"
42,"OC_BOGR","BOGR","SALTGRASS",0,"polygon"
42,"OC_BOGR","BOGR","C3_Other",0,"polygon"
42,"OC_BOGR","BOGR","C4_Other",0,"polygon"
42,"OC_BOGR","BOGR","DUNG",0.2,"polygon"
42,"OC_BOGR","BOGR","FORB",0,"polygon"
42,"OC_BOGR","BOGR","SD",14,"polygon"
42,"OC_BOGR","BOGR","SUBSHRUB",0,"polygon"
83,"OC_BOGR","BOGR","BARE",29.7,"polygon"
83,"OC_BOGR","BOGR","LITT",17.7,"polygon"
83,"OC_BOGR","BOGR","BOBU",48.7,"polygon"
83,"OC_BOGR","BOGR","OPPO",0,"polygon"
83,"OC_BOGR","BOGR","PASM",0,"polygon"
83,"OC_BOGR","BOGR","HECO",0,"polygon"
83,"OC_BOGR","BOGR","SALTGRASS",0,"polygon"
83,"OC_BOGR","BOGR","C3_Other",1.1,"polygon"
83,"OC_BOGR","BOGR","C4_Other",1,"polygon"
83,"OC_BOGR","BOGR","DUNG",0.3,"polygon"
83,"OC_BOGR","BOGR","FORB",0.5,"polygon"
83,"OC_BOGR","BOGR","SD",2.2,"polygon"
83,"OC_BOGR","BOGR","SUBSHRUB",0,"polygon"
40,"20SE_HECO","HECO","BARE",41.7,"polygon"
40,"20SE_HECO","HECO","LITT",18.7,"polygon"
40,"20SE_HECO","HECO","BOBU",0.7,"polygon"
40,"20SE_HECO","HECO","OPPO",0,"polygon"
40,"20SE_HECO","HECO","PASM",0,"polygon"
40,"20SE_HECO","HECO","HECO",24.3,"polygon"
40,"20SE_HECO","HECO","SALTGRASS",0.3,"polygon"
40,"20SE_HECO","HECO","C3_Other",0.3,"polygon"
40,"20SE_HECO","HECO","C4_Other",3.5,"polygon"
40,"20SE_HECO","HECO","DUNG",0.3,"polygon"
40,"20SE_HECO","HECO","FORB",1.2,"polygon"
40,"20SE_HECO","HECO","SD",9.3,"polygon"
40,"20SE_HECO","HECO","SUBSHRUB",0,"polygon"
32,"23W_HECO","HECO","BARE",13,"polygon"
32,"23W_HECO","HECO","LITT",50,"polygon"
32,"23W_HECO","HECO","BOBU",4,"polygon"
32,"23W_HECO","HECO","OPPO",1,"polygon"
32,"23W_HECO","HECO","PASM",0.5,"polygon"
32,"23W_HECO","HECO","HECO",13,"polygon"
32,"23W_HECO","HECO","SALTGRASS",0,"polygon"
32,"23W_HECO","HECO","C3_Other",1,"polygon"
32,"23W_HECO","HECO","C4_Other",2,"polygon"
32,"23W_HECO","HECO","DUNG",0.5,"polygon"
32,"23W_HECO","HECO","FORB",13,"polygon"
32,"23W_HECO","HECO","SD",0,"polygon"
32,"23W_HECO","HECO","SUBSHRUB",3,"polygon"
33,"23W_HECO","HECO","BARE",32,"polygon"
33,"23W_HECO","HECO","LITT",115,"polygon"
33,"23W_HECO","HECO","BOBU",7,"polygon"
33,"23W_HECO","HECO","OPPO",1,"polygon"
33,"23W_HECO","HECO","PASM",10,"polygon"
33,"23W_HECO","HECO","HECO",11,"polygon"
33,"23W_HECO","HECO","SALTGRASS",0,"polygon"
33,"23W_HECO","HECO","C3_Other",1,"polygon"
33,"23W_HECO","HECO","C4_Other",0,"polygon"
33,"23W_HECO","HECO","DUNG",0,"polygon"
33,"23W_HECO","HECO","FORB",4.5,"polygon"
33,"23W_HECO","HECO","SD",18.5,"polygon"
33,"23W_HECO","HECO","SUBSHRUB",0,"polygon"
1,"7NW_HECO","HECO","BARE",22.3,"polygon"
1,"7NW_HECO","HECO","LITT",43.3,"polygon"
1,"7NW_HECO","HECO","BOBU",0.3,"polygon"
1,"7NW_HECO","HECO","OPPO",11.3,"polygon"
1,"7NW_HECO","HECO","PASM",0,"polygon"
1,"7NW_HECO","HECO","HECO",11.7,"polygon"
1,"7NW_HECO","HECO","SALTGRASS",0,"polygon"
1,"7NW_HECO","HECO","C3_Other",0,"polygon"
1,"7NW_HECO","HECO","C4_Other",0,"polygon"
1,"7NW_HECO","HECO","DUNG",2.1,"polygon"
1,"7NW_HECO","HECO","FORB",7.2,"polygon"
1,"7NW_HECO","HECO","SD",2.7,"polygon"
1,"7NW_HECO","HECO","SUBSHRUB",0,"polygon"
84,"OC_HECO","HECO","BARE",12.3,"polygon"
84,"OC_HECO","HECO","LITT",41.3,"polygon"
84,"OC_HECO","HECO","BOBU",12.3,"polygon"
84,"OC_HECO","HECO","OPPO",3.4,"polygon"
84,"OC_HECO","HECO","PASM",0,"polygon"
84,"OC_HECO","HECO","HECO",23.3,"polygon"
84,"OC_HECO","HECO","SALTGRASS",0,"polygon"
84,"OC_HECO","HECO","C3_Other",0.1,"polygon"
84,"OC_HECO","HECO","C4_Other",2,"polygon"
84,"OC_HECO","HECO","DUNG",0,"polygon"
84,"OC_HECO","HECO","FORB",1.6,"polygon"
84,"OC_HECO","HECO","SD",4,"polygon"
84,"OC_HECO","HECO","SUBSHRUB",0,"polygon"
38,"SALTTREE_HECO","HECO","BARE",34.3,"polygon"
38,"SALTTREE_HECO","HECO","LITT",38.7,"polygon"
38,"SALTTREE_HECO","HECO","BOBU",2.7,"polygon"
38,"SALTTREE_HECO","HECO","OPPO",1.7,"polygon"
38,"SALTTREE_HECO","HECO","PASM",0,"polygon"
38,"SALTTREE_HECO","HECO","HECO",11.7,"polygon"
38,"SALTTREE_HECO","HECO","SALTGRASS",0,"polygon"
38,"SALTTREE_HECO","HECO","C3_Other",0.3,"polygon"
38,"SALTTREE_HECO","HECO","C4_Other",0.3,"polygon"
38,"SALTTREE_HECO","HECO","DUNG",0,"polygon"
38,"SALTTREE_HECO","HECO","FORB",2.7,"polygon"
38,"SALTTREE_HECO","HECO","SD",10,"polygon"
38,"SALTTREE_HECO","HECO","SUBSHRUB",0,"polygon"
86,"ST_HECO","HECO","BARE",52,"polygon"
86,"ST_HECO","HECO","LITT",90,"polygon"
86,"ST_HECO","HECO","BOBU",5,"polygon"
86,"ST_HECO","HECO","OPPO",0,"polygon"
86,"ST_HECO","HECO","PASM",0,"polygon"
86,"ST_HECO","HECO","HECO",22,"polygon"
86,"ST_HECO","HECO","SALTGRASS",0,"polygon"
86,"ST_HECO","HECO","C3_Other",0,"polygon"
86,"ST_HECO","HECO","C4_Other",18,"polygon"
86,"ST_HECO","HECO","DUNG",0,"polygon"
86,"ST_HECO","HECO","FORB",9,"polygon"
86,"ST_HECO","HECO","SD",1,"polygon"
86,"ST_HECO","HECO","SUBSHRUB",3,"polygon"
87,"ST_HECO","HECO","BARE",31,"polygon"
87,"ST_HECO","HECO","LITT",51,"polygon"
87,"ST_HECO","HECO","BOBU",0,"polygon"
87,"ST_HECO","HECO","OPPO",0,"polygon"
87,"ST_HECO","HECO","PASM",0,"polygon"
87,"ST_HECO","HECO","HECO",12,"polygon"
87,"ST_HECO","HECO","SALTGRASS",0,"polygon"
87,"ST_HECO","HECO","C3_Other",0,"polygon"
87,"ST_HECO","HECO","C4_Other",3,"polygon"
87,"ST_HECO","HECO","DUNG",0,"polygon"
87,"ST_HECO","HECO","FORB",2,"polygon"
87,"ST_HECO","HECO","SD",0.3,"polygon"
87,"ST_HECO","HECO","SUBSHRUB",0,"polygon"
23,"13W_OPPO_HEAVY","OPPO_HVY","BARE",10,"polygon"
23,"13W_OPPO_HEAVY","OPPO_HVY","LITT",45,"polygon"
23,"13W_OPPO_HEAVY","OPPO_HVY","BOBU",3,"polygon"
23,"13W_OPPO_HEAVY","OPPO_HVY","OPPO",32,"polygon"
23,"13W_OPPO_HEAVY","OPPO_HVY","PASM",4,"polygon"
23,"13W_OPPO_HEAVY","OPPO_HVY","HECO",0,"polygon"
23,"13W_OPPO_HEAVY","OPPO_HVY","SALTGRASS",0,"polygon"
23,"13W_OPPO_HEAVY","OPPO_HVY","C3_Other",0.5,"polygon"
23,"13W_OPPO_HEAVY","OPPO_HVY","C4_Other",0,"polygon"
23,"13W_OPPO_HEAVY","OPPO_HVY","DUNG",0.3,"polygon"
23,"13W_OPPO_HEAVY","OPPO_HVY","FORB",1.3,"polygon"
23,"13W_OPPO_HEAVY","OPPO_HVY","SD",3,"polygon"
23,"13W_OPPO_HEAVY","OPPO_HVY","SUBSHRUB",1,"polygon"
24,"13W_OPPO_HEAVY","OPPO_HVY","BARE",15,"polygon"
24,"13W_OPPO_HEAVY","OPPO_HVY","LITT",36,"polygon"
24,"13W_OPPO_HEAVY","OPPO_HVY","BOBU",10,"polygon"
24,"13W_OPPO_HEAVY","OPPO_HVY","OPPO",28,"polygon"
24,"13W_OPPO_HEAVY","OPPO_HVY","PASM",1,"polygon"
24,"13W_OPPO_HEAVY","OPPO_HVY","HECO",0,"polygon"
24,"13W_OPPO_HEAVY","OPPO_HVY","SALTGRASS",0,"polygon"
24,"13W_OPPO_HEAVY","OPPO_HVY","C3_Other",1,"polygon"
24,"13W_OPPO_HEAVY","OPPO_HVY","C4_Other",0,"polygon"
24,"13W_OPPO_HEAVY","OPPO_HVY","DUNG",1,"polygon"
24,"13W_OPPO_HEAVY","OPPO_HVY","FORB",1.5,"polygon"
24,"13W_OPPO_HEAVY","OPPO_HVY","SD",5,"polygon"
24,"13W_OPPO_HEAVY","OPPO_HVY","SUBSHRUB",2,"polygon"
25,"13W_OPPO_HEAVY","OPPO_HVY","BARE",18,"polygon"
25,"13W_OPPO_HEAVY","OPPO_HVY","LITT",32,"polygon"
25,"13W_OPPO_HEAVY","OPPO_HVY","BOBU",20,"polygon"
25,"13W_OPPO_HEAVY","OPPO_HVY","OPPO",23,"polygon"
25,"13W_OPPO_HEAVY","OPPO_HVY","PASM",0,"polygon"
25,"13W_OPPO_HEAVY","OPPO_HVY","HECO",0,"polygon"
25,"13W_OPPO_HEAVY","OPPO_HVY","SALTGRASS",0,"polygon"
25,"13W_OPPO_HEAVY","OPPO_HVY","C3_Other",0,"polygon"
25,"13W_OPPO_HEAVY","OPPO_HVY","C4_Other",0,"polygon"
25,"13W_OPPO_HEAVY","OPPO_HVY","DUNG",0,"polygon"
25,"13W_OPPO_HEAVY","OPPO_HVY","FORB",0.3,"polygon"
25,"13W_OPPO_HEAVY","OPPO_HVY","SD",8,"polygon"
25,"13W_OPPO_HEAVY","OPPO_HVY","SUBSHRUB",0,"polygon"
37,"13W_OPPO_HEAVY","OPPO_HVY","BARE",31.7,"polygon"
37,"13W_OPPO_HEAVY","OPPO_HVY","LITT",17,"polygon"
37,"13W_OPPO_HEAVY","OPPO_HVY","BOBU",19.3,"polygon"
37,"13W_OPPO_HEAVY","OPPO_HVY","OPPO",21,"polygon"
37,"13W_OPPO_HEAVY","OPPO_HVY","PASM",0.1,"polygon"
37,"13W_OPPO_HEAVY","OPPO_HVY","HECO",0,"polygon"
37,"13W_OPPO_HEAVY","OPPO_HVY","SALTGRASS",0,"polygon"
37,"13W_OPPO_HEAVY","OPPO_HVY","C3_Other",4,"polygon"
37,"13W_OPPO_HEAVY","OPPO_HVY","C4_Other",0,"polygon"
37,"13W_OPPO_HEAVY","OPPO_HVY","DUNG",0,"polygon"
37,"13W_OPPO_HEAVY","OPPO_HVY","FORB",0.5,"polygon"
37,"13W_OPPO_HEAVY","OPPO_HVY","SD",11,"polygon"
37,"13W_OPPO_HEAVY","OPPO_HVY","SUBSHRUB",0.8,"polygon"
21,"1E_OPPO_HEAVY","OPPO_HVY","BARE",30,"polygon"
21,"1E_OPPO_HEAVY","OPPO_HVY","LITT",26,"polygon"
21,"1E_OPPO_HEAVY","OPPO_HVY","BOBU",10.3,"polygon"
21,"1E_OPPO_HEAVY","OPPO_HVY","OPPO",23,"polygon"
21,"1E_OPPO_HEAVY","OPPO_HVY","PASM",0.3,"polygon"
21,"1E_OPPO_HEAVY","OPPO_HVY","HECO",0,"polygon"
21,"1E_OPPO_HEAVY","OPPO_HVY","SALTGRASS",0,"polygon"
21,"1E_OPPO_HEAVY","OPPO_HVY","C3_Other",1,"polygon"
21,"1E_OPPO_HEAVY","OPPO_HVY","C4_Other",0,"polygon"
21,"1E_OPPO_HEAVY","OPPO_HVY","DUNG",0,"polygon"
21,"1E_OPPO_HEAVY","OPPO_HVY","FORB",2.9,"polygon"
21,"1E_OPPO_HEAVY","OPPO_HVY","SD",10.5,"polygon"
21,"1E_OPPO_HEAVY","OPPO_HVY","SUBSHRUB",0,"polygon"
22,"1E_OPPO_HVY","OPPO_HVY","BARE",24.7,"polygon"
22,"1E_OPPO_HVY","OPPO_HVY","LITT",17.3,"polygon"
22,"1E_OPPO_HVY","OPPO_HVY","BOBU",14.7,"polygon"
22,"1E_OPPO_HVY","OPPO_HVY","OPPO",23,"polygon"
22,"1E_OPPO_HVY","OPPO_HVY","PASM",0,"polygon"
22,"1E_OPPO_HVY","OPPO_HVY","HECO",0.1,"polygon"
22,"1E_OPPO_HVY","OPPO_HVY","SALTGRASS",0,"polygon"
22,"1E_OPPO_HVY","OPPO_HVY","C3_Other",1.5,"polygon"
22,"1E_OPPO_HVY","OPPO_HVY","C4_Other",0,"polygon"
22,"1E_OPPO_HVY","OPPO_HVY","DUNG",0.7,"polygon"
22,"1E_OPPO_HVY","OPPO_HVY","FORB",0.2,"polygon"
22,"1E_OPPO_HVY","OPPO_HVY","SD",19.7,"polygon"
22,"1E_OPPO_HVY","OPPO_HVY","SUBSHRUB",0,"polygon"
78,"HH_OPPO","OPPO_HVY","BARE",12,"polygon"
78,"HH_OPPO","OPPO_HVY","LITT",29.3,"polygon"
78,"HH_OPPO","OPPO_HVY","BOBU",5.3,"polygon"
78,"HH_OPPO","OPPO_HVY","OPPO",33.3,"polygon"
78,"HH_OPPO","OPPO_HVY","PASM",5.3,"polygon"
78,"HH_OPPO","OPPO_HVY","HECO",0,"polygon"
78,"HH_OPPO","OPPO_HVY","SALTGRASS",0,"polygon"
78,"HH_OPPO","OPPO_HVY","C3_Other",2.7,"polygon"
78,"HH_OPPO","OPPO_HVY","C4_Other",0,"polygon"
78,"HH_OPPO","OPPO_HVY","DUNG",0.3,"polygon"
78,"HH_OPPO","OPPO_HVY","FORB",1.1,"polygon"
78,"HH_OPPO","OPPO_HVY","SD",7.7,"polygon"
78,"HH_OPPO","OPPO_HVY","SUBSHRUB",3.3,"polygon"
79,"HH_OPPO","OPPO_HVY","BARE",11.3,"polygon"
79,"HH_OPPO","OPPO_HVY","LITT",12.3,"polygon"
79,"HH_OPPO","OPPO_HVY","BOBU",6.3,"polygon"
79,"HH_OPPO","OPPO_HVY","OPPO",56.7,"polygon"
79,"HH_OPPO","OPPO_HVY","PASM",5.3,"polygon"
79,"HH_OPPO","OPPO_HVY","HECO",0,"polygon"
79,"HH_OPPO","OPPO_HVY","SALTGRASS",0,"polygon"
79,"HH_OPPO","OPPO_HVY","C3_Other",3,"polygon"
79,"HH_OPPO","OPPO_HVY","C4_Other",0,"polygon"
79,"HH_OPPO","OPPO_HVY","DUNG",0,"polygon"
79,"HH_OPPO","OPPO_HVY","FORB",0.7,"polygon"
79,"HH_OPPO","OPPO_HVY","SD",0,"polygon"
79,"HH_OPPO","OPPO_HVY","SUBSHRUB",0,"polygon"
81,"SLAYTON_OPPO_HEAVY","OPPO_HVY","BARE",9.7,"polygon"
81,"SLAYTON_OPPO_HEAVY","OPPO_HVY","LITT",31.3,"polygon"
81,"SLAYTON_OPPO_HEAVY","OPPO_HVY","BOBU",6.7,"polygon"
81,"SLAYTON_OPPO_HEAVY","OPPO_HVY","OPPO",31,"polygon"
81,"SLAYTON_OPPO_HEAVY","OPPO_HVY","PASM",0,"polygon"
81,"SLAYTON_OPPO_HEAVY","OPPO_HVY","HECO",0,"polygon"
81,"SLAYTON_OPPO_HEAVY","OPPO_HVY","SALTGRASS",0,"polygon"
81,"SLAYTON_OPPO_HEAVY","OPPO_HVY","C3_Other",10.7,"polygon"
81,"SLAYTON_OPPO_HEAVY","OPPO_HVY","C4_Other",0,"polygon"
81,"SLAYTON_OPPO_HEAVY","OPPO_HVY","DUNG",1.3,"polygon"
81,"SLAYTON_OPPO_HEAVY","OPPO_HVY","FORB",0.8,"polygon"
81,"SLAYTON_OPPO_HEAVY","OPPO_HVY","SD",8.3,"polygon"
81,"SLAYTON_OPPO_HEAVY","OPPO_HVY","SUBSHRUB",0,"polygon"
5,"17N_OPPO_MOD","OPPO_MOD","BARE",55,"polygon"
5,"17N_OPPO_MOD","OPPO_MOD","LITT",20,"polygon"
5,"17N_OPPO_MOD","OPPO_MOD","BOBU",0.5,"polygon"
5,"17N_OPPO_MOD","OPPO_MOD","OPPO",17,"polygon"
5,"17N_OPPO_MOD","OPPO_MOD","PASM",0,"polygon"
5,"17N_OPPO_MOD","OPPO_MOD","HECO",0,"polygon"
5,"17N_OPPO_MOD","OPPO_MOD","SALTGRASS",0,"polygon"
5,"17N_OPPO_MOD","OPPO_MOD","C3_Other",0,"polygon"
5,"17N_OPPO_MOD","OPPO_MOD","C4_Other",0.5,"polygon"
5,"17N_OPPO_MOD","OPPO_MOD","DUNG",0,"polygon"
5,"17N_OPPO_MOD","OPPO_MOD","FORB",13.3,"polygon"
5,"17N_OPPO_MOD","OPPO_MOD","SD",0,"polygon"
5,"17N_OPPO_MOD","OPPO_MOD","SUBSHRUB",0,"polygon"
6,"17N_OPPO_MOD","OPPO_MOD","BARE",11,"polygon"
6,"17N_OPPO_MOD","OPPO_MOD","LITT",16,"polygon"
6,"17N_OPPO_MOD","OPPO_MOD","BOBU",29,"polygon"
6,"17N_OPPO_MOD","OPPO_MOD","OPPO",25,"polygon"
6,"17N_OPPO_MOD","OPPO_MOD","PASM",0,"polygon"
6,"17N_OPPO_MOD","OPPO_MOD","HECO",0,"polygon"
6,"17N_OPPO_MOD","OPPO_MOD","SALTGRASS",0,"polygon"
6,"17N_OPPO_MOD","OPPO_MOD","C3_Other",0,"polygon"
6,"17N_OPPO_MOD","OPPO_MOD","C4_Other",0.5,"polygon"
6,"17N_OPPO_MOD","OPPO_MOD","DUNG",0,"polygon"
6,"17N_OPPO_MOD","OPPO_MOD","FORB",1,"polygon"
6,"17N_OPPO_MOD","OPPO_MOD","SD",16,"polygon"
6,"17N_OPPO_MOD","OPPO_MOD","SUBSHRUB",0,"polygon"
7,"17N_OPPO_MOD","OPPO_MOD","BARE",40,"polygon"
7,"17N_OPPO_MOD","OPPO_MOD","LITT",20,"polygon"
7,"17N_OPPO_MOD","OPPO_MOD","BOBU",20,"polygon"
7,"17N_OPPO_MOD","OPPO_MOD","OPPO",15,"polygon"
7,"17N_OPPO_MOD","OPPO_MOD","PASM",0,"polygon"
7,"17N_OPPO_MOD","OPPO_MOD","HECO",0,"polygon"
7,"17N_OPPO_MOD","OPPO_MOD","SALTGRASS",0,"polygon"
7,"17N_OPPO_MOD","OPPO_MOD","C3_Other",0,"polygon"
7,"17N_OPPO_MOD","OPPO_MOD","C4_Other",0,"polygon"
7,"17N_OPPO_MOD","OPPO_MOD","DUNG",0,"polygon"
7,"17N_OPPO_MOD","OPPO_MOD","FORB",1.3,"polygon"
7,"17N_OPPO_MOD","OPPO_MOD","SD",5,"polygon"
7,"17N_OPPO_MOD","OPPO_MOD","SUBSHRUB",0,"polygon"
35,"23W_OPPO_MOD","OPPO_MOD","BARE",15.3,"polygon"
35,"23W_OPPO_MOD","OPPO_MOD","LITT",26.3,"polygon"
35,"23W_OPPO_MOD","OPPO_MOD","BOBU",21.3,"polygon"
35,"23W_OPPO_MOD","OPPO_MOD","OPPO",16.7,"polygon"
35,"23W_OPPO_MOD","OPPO_MOD","PASM",0,"polygon"
35,"23W_OPPO_MOD","OPPO_MOD","HECO",0,"polygon"
35,"23W_OPPO_MOD","OPPO_MOD","SALTGRASS",0,"polygon"
35,"23W_OPPO_MOD","OPPO_MOD","C3_Other",0.2,"polygon"
35,"23W_OPPO_MOD","OPPO_MOD","C4_Other",0,"polygon"
35,"23W_OPPO_MOD","OPPO_MOD","DUNG",0,"polygon"
35,"23W_OPPO_MOD","OPPO_MOD","FORB",8,"polygon"
35,"23W_OPPO_MOD","OPPO_MOD","SD",10.3,"polygon"
35,"23W_OPPO_MOD","OPPO_MOD","SUBSHRUB",2,"polygon"
54,"32W_OPPO_MOD","OPPO_MOD","BARE",43,"polygon"
54,"32W_OPPO_MOD","OPPO_MOD","LITT",27.7,"polygon"
54,"32W_OPPO_MOD","OPPO_MOD","BOBU",0.5,"polygon"
54,"32W_OPPO_MOD","OPPO_MOD","OPPO",12.3,"polygon"
54,"32W_OPPO_MOD","OPPO_MOD","PASM",0,"polygon"
54,"32W_OPPO_MOD","OPPO_MOD","HECO",9.3,"polygon"
54,"32W_OPPO_MOD","OPPO_MOD","SALTGRASS",0,"polygon"
54,"32W_OPPO_MOD","OPPO_MOD","C3_Other",0.2,"polygon"
54,"32W_OPPO_MOD","OPPO_MOD","C4_Other",2.5,"polygon"
54,"32W_OPPO_MOD","OPPO_MOD","DUNG",0,"polygon"
54,"32W_OPPO_MOD","OPPO_MOD","FORB",3.9,"polygon"
54,"32W_OPPO_MOD","OPPO_MOD","SD",1.3,"polygon"
54,"32W_OPPO_MOD","OPPO_MOD","SUBSHRUB",0,"polygon"
3,"7SE_OPPO_MOD","OPPO_MOD","BARE",26.7,"polygon"
3,"7SE_OPPO_MOD","OPPO_MOD","LITT",19.3,"polygon"
3,"7SE_OPPO_MOD","OPPO_MOD","BOBU",14,"polygon"
3,"7SE_OPPO_MOD","OPPO_MOD","OPPO",25.7,"polygon"
3,"7SE_OPPO_MOD","OPPO_MOD","PASM",0,"polygon"
3,"7SE_OPPO_MOD","OPPO_MOD","HECO",1.3,"polygon"
3,"7SE_OPPO_MOD","OPPO_MOD","SALTGRASS",0,"polygon"
3,"7SE_OPPO_MOD","OPPO_MOD","C3_Other",0.3,"polygon"
3,"7SE_OPPO_MOD","OPPO_MOD","C4_Other",0.3,"polygon"
3,"7SE_OPPO_MOD","OPPO_MOD","DUNG",0.3,"polygon"
3,"7SE_OPPO_MOD","OPPO_MOD","FORB",0,"polygon"
3,"7SE_OPPO_MOD","OPPO_MOD","SD",7.3,"polygon"
3,"7SE_OPPO_MOD","OPPO_MOD","SUBSHRUB",2,"polygon"
73,"HH_OPPO_MOD","OPPO_MOD","BARE",19.3,"polygon"
73,"HH_OPPO_MOD","OPPO_MOD","LITT",35.7,"polygon"
73,"HH_OPPO_MOD","OPPO_MOD","BOBU",1,"polygon"
73,"HH_OPPO_MOD","OPPO_MOD","OPPO",23.3,"polygon"
73,"HH_OPPO_MOD","OPPO_MOD","PASM",6.7,"polygon"
73,"HH_OPPO_MOD","OPPO_MOD","HECO",0.2,"polygon"
73,"HH_OPPO_MOD","OPPO_MOD","SALTGRASS",0,"polygon"
73,"HH_OPPO_MOD","OPPO_MOD","C3_Other",0,"polygon"
73,"HH_OPPO_MOD","OPPO_MOD","C4_Other",0,"polygon"
73,"HH_OPPO_MOD","OPPO_MOD","DUNG",0.2,"polygon"
73,"HH_OPPO_MOD","OPPO_MOD","FORB",5.3,"polygon"
73,"HH_OPPO_MOD","OPPO_MOD","SD",0.2,"polygon"
73,"HH_OPPO_MOD","OPPO_MOD","SUBSHRUB",9.7,"polygon"
80,"SLAYTON_OPPO_MOD","OPPO_MOD","BARE",11.7,"polygon"
80,"SLAYTON_OPPO_MOD","OPPO_MOD","LITT",25,"polygon"
80,"SLAYTON_OPPO_MOD","OPPO_MOD","BOBU",0.3,"polygon"
80,"SLAYTON_OPPO_MOD","OPPO_MOD","OPPO",28.3,"polygon"
80,"SLAYTON_OPPO_MOD","OPPO_MOD","PASM",0,"polygon"
80,"SLAYTON_OPPO_MOD","OPPO_MOD","HECO",20,"polygon"
80,"SLAYTON_OPPO_MOD","OPPO_MOD","SALTGRASS",0,"polygon"
80,"SLAYTON_OPPO_MOD","OPPO_MOD","C3_Other",0,"polygon"
80,"SLAYTON_OPPO_MOD","OPPO_MOD","C4_Other",1.3,"polygon"
80,"SLAYTON_OPPO_MOD","OPPO_MOD","DUNG",0,"polygon"
80,"SLAYTON_OPPO_MOD","OPPO_MOD","FORB",1.5,"polygon"
80,"SLAYTON_OPPO_MOD","OPPO_MOD","SD",11.7,"polygon"
80,"SLAYTON_OPPO_MOD","OPPO_MOD","SUBSHRUB",0,"polygon"
89,"1W_PASM","PASM","BARE",35,"polygon"
89,"1W_PASM","PASM","LITT",100,"polygon"
89,"1W_PASM","PASM","BOBU",4,"polygon"
89,"1W_PASM","PASM","OPPO",0,"polygon"
89,"1W_PASM","PASM","PASM",54,"polygon"
89,"1W_PASM","PASM","HECO",0,"polygon"
89,"1W_PASM","PASM","SALTGRASS",0,"polygon"
89,"1W_PASM","PASM","C3_Other",0,"polygon"
89,"1W_PASM","PASM","C4_Other",0,"polygon"
89,"1W_PASM","PASM","DUNG",0.3,"polygon"
89,"1W_PASM","PASM","FORB",6,"polygon"
89,"1W_PASM","PASM","SD",0,"polygon"
89,"1W_PASM","PASM","SUBSHRUB",4,"polygon"
90,"1W_PASM","PASM","BARE",12,"polygon"
90,"1W_PASM","PASM","LITT",53,"polygon"
90,"1W_PASM","PASM","BOBU",3,"polygon"
90,"1W_PASM","PASM","OPPO",0,"polygon"
90,"1W_PASM","PASM","PASM",26,"polygon"
90,"1W_PASM","PASM","HECO",0,"polygon"
90,"1W_PASM","PASM","SALTGRASS",0,"polygon"
90,"1W_PASM","PASM","C3_Other",0,"polygon"
90,"1W_PASM","PASM","C4_Other",0,"polygon"
90,"1W_PASM","PASM","DUNG",0.5,"polygon"
90,"1W_PASM","PASM","FORB",3.3,"polygon"
90,"1W_PASM","PASM","SD",0,"polygon"
90,"1W_PASM","PASM","SUBSHRUB",0,"polygon"
2,"7NW_PASM","PASM","BARE",10,"polygon"
2,"7NW_PASM","PASM","LITT",50.7,"polygon"
2,"7NW_PASM","PASM","BOBU",6,"polygon"
2,"7NW_PASM","PASM","OPPO",0,"polygon"
2,"7NW_PASM","PASM","PASM",28.3,"polygon"
2,"7NW_PASM","PASM","HECO",0,"polygon"
2,"7NW_PASM","PASM","SALTGRASS",0,"polygon"
2,"7NW_PASM","PASM","C3_Other",0,"polygon"
2,"7NW_PASM","PASM","C4_Other",0,"polygon"
2,"7NW_PASM","PASM","DUNG",2.8,"polygon"
2,"7NW_PASM","PASM","FORB",0.6,"polygon"
2,"7NW_PASM","PASM","SD",1.3,"polygon"
2,"7NW_PASM","PASM","SUBSHRUB",0,"polygon"
58,"CC_PASM","PASM","BARE",17.7,"polygon"
58,"CC_PASM","PASM","LITT",44.7,"polygon"
58,"CC_PASM","PASM","BOBU",0.3,"polygon"
58,"CC_PASM","PASM","OPPO",0,"polygon"
58,"CC_PASM","PASM","PASM",16.7,"polygon"
58,"CC_PASM","PASM","HECO",0,"polygon"
58,"CC_PASM","PASM","SALTGRASS",0,"polygon"
58,"CC_PASM","PASM","C3_Other",7.3,"polygon"
58,"CC_PASM","PASM","C4_Other",0,"polygon"
58,"CC_PASM","PASM","DUNG",2.3,"polygon"
58,"CC_PASM","PASM","FORB",5.7,"polygon"
58,"CC_PASM","PASM","SD",6,"polygon"
58,"CC_PASM","PASM","SUBSHRUB",0,"polygon"
59,"CC_PASM","PASM","BARE",9,"polygon"
59,"CC_PASM","PASM","LITT",53,"polygon"
59,"CC_PASM","PASM","BOBU",0,"polygon"
59,"CC_PASM","PASM","OPPO",0,"polygon"
59,"CC_PASM","PASM","PASM",25.7,"polygon"
59,"CC_PASM","PASM","HECO",0,"polygon"
59,"CC_PASM","PASM","SALTGRASS",0.7,"polygon"
59,"CC_PASM","PASM","C3_Other",0.3,"polygon"
59,"CC_PASM","PASM","C4_Other",0,"polygon"
59,"CC_PASM","PASM","DUNG",1,"polygon"
59,"CC_PASM","PASM","FORB",3.5,"polygon"
59,"CC_PASM","PASM","SD",5.2,"polygon"
59,"CC_PASM","PASM","SUBSHRUB",0,"polygon"
74,"HH_PASM","PASM","BARE",50.7,"polygon"
74,"HH_PASM","PASM","LITT",18.3,"polygon"
74,"HH_PASM","PASM","BOBU",0,"polygon"
74,"HH_PASM","PASM","OPPO",0,"polygon"
74,"HH_PASM","PASM","PASM",23.3,"polygon"
74,"HH_PASM","PASM","HECO",0,"polygon"
74,"HH_PASM","PASM","SALTGRASS",0,"polygon"
74,"HH_PASM","PASM","C3_Other",0,"polygon"
74,"HH_PASM","PASM","C4_Other",0,"polygon"
74,"HH_PASM","PASM","DUNG",0.1,"polygon"
74,"HH_PASM","PASM","FORB",7.8,"polygon"
74,"HH_PASM","PASM","SD",0,"polygon"
74,"HH_PASM","PASM","SUBSHRUB",0,"polygon"
75,"HH_PASM","PASM","BARE",7.7,"polygon"
75,"HH_PASM","PASM","LITT",43,"polygon"
75,"HH_PASM","PASM","BOBU",2.3,"polygon"
75,"HH_PASM","PASM","OPPO",0,"polygon"
75,"HH_PASM","PASM","PASM",45,"polygon"
75,"HH_PASM","PASM","HECO",0,"polygon"
75,"HH_PASM","PASM","SALTGRASS",0,"polygon"
75,"HH_PASM","PASM","C3_Other",1.7,"polygon"
75,"HH_PASM","PASM","C4_Other",0,"polygon"
75,"HH_PASM","PASM","DUNG",0.4,"polygon"
75,"HH_PASM","PASM","FORB",3.7,"polygon"
75,"HH_PASM","PASM","SD",0,"polygon"
75,"HH_PASM","PASM","SUBSHRUB",0,"polygon"
69,"17N_SG","SG","BARE",14.3,"polygon"
69,"17N_SG","SG","LITT",48.7,"polygon"
69,"17N_SG","SG","BOBU",0,"polygon"
69,"17N_SG","SG","OPPO",0,"polygon"
69,"17N_SG","SG","PASM",0.3,"polygon"
69,"17N_SG","SG","HECO",0,"polygon"
69,"17N_SG","SG","SALTGRASS",22.5,"polygon"
69,"17N_SG","SG","C3_Other",0,"polygon"
69,"17N_SG","SG","C4_Other",0,"polygon"
69,"17N_SG","SG","DUNG",0.3,"polygon"
69,"17N_SG","SG","FORB",1,"polygon"
69,"17N_SG","SG","SD",15,"polygon"
69,"17N_SG","SG","SUBSHRUB",0,"polygon"
9,"17S_SG","SG","BARE",8.7,"polygon"
9,"17S_SG","SG","LITT",38,"polygon"
9,"17S_SG","SG","BOBU",2,"polygon"
9,"17S_SG","SG","OPPO",0,"polygon"
9,"17S_SG","SG","PASM",0.4,"polygon"
9,"17S_SG","SG","HECO",0,"polygon"
9,"17S_SG","SG","SALTGRASS",28,"polygon"
9,"17S_SG","SG","C3_Other",0,"polygon"
9,"17S_SG","SG","C4_Other",0,"polygon"
9,"17S_SG","SG","DUNG",1,"polygon"
9,"17S_SG","SG","FORB",5.9,"polygon"
9,"17S_SG","SG","SD",18,"polygon"
9,"17S_SG","SG","SUBSHRUB",0,"polygon"
61,"PR_SG","SG","BARE",8.7,"polygon"
61,"PR_SG","SG","LITT",38.3,"polygon"
61,"PR_SG","SG","BOBU",2.3,"polygon"
61,"PR_SG","SG","OPPO",0,"polygon"
61,"PR_SG","SG","PASM",0,"polygon"
61,"PR_SG","SG","HECO",0,"polygon"
61,"PR_SG","SG","SALTGRASS",29,"polygon"
61,"PR_SG","SG","C3_Other",0,"polygon"
61,"PR_SG","SG","C4_Other",0,"polygon"
61,"PR_SG","SG","DUNG",0.3,"polygon"
61,"PR_SG","SG","FORB",1.7,"polygon"
61,"PR_SG","SG","SD",21.8,"polygon"
61,"PR_SG","SG","SUBSHRUB",0,"polygon"
62,"SL_SG","SG","BARE",16.7,"polygon"
62,"SL_SG","SG","LITT",34.3,"polygon"
62,"SL_SG","SG","BOBU",0.2,"polygon"
62,"SL_SG","SG","OPPO",0,"polygon"
62,"SL_SG","SG","PASM",0,"polygon"
62,"SL_SG","SG","HECO",0,"polygon"
62,"SL_SG","SG","SALTGRASS",30.7,"polygon"
62,"SL_SG","SG","C3_Other",0.8,"polygon"
62,"SL_SG","SG","C4_Other",0.3,"polygon"
62,"SL_SG","SG","DUNG",0,"polygon"
62,"SL_SG","SG","FORB",0,"polygon"
62,"SL_SG","SG","SD",18.7,"polygon"
62,"SL_SG","SG","SUBSHRUB",0,"polygon"
39,"ST_SG","SG","BARE",10,"polygon"
39,"ST_SG","SG","LITT",35.7,"polygon"
39,"ST_SG","SG","BOBU",0.3,"polygon"
39,"ST_SG","SG","OPPO",0.3,"polygon"
39,"ST_SG","SG","PASM",0,"polygon"
39,"ST_SG","SG","HECO",0,"polygon"
39,"ST_SG","SG","SALTGRASS",35.3,"polygon"
39,"ST_SG","SG","C3_Other",0,"polygon"
39,"ST_SG","SG","C4_Other",0.2,"polygon"
39,"ST_SG","SG","DUNG",0,"polygon"
39,"ST_SG","SG","FORB",0.5,"polygon"
39,"ST_SG","SG","SD",18.3,"polygon"
39,"ST_SG","SG","SUBSHRUB",0,"polygon"
